"filename", "language", "TypeScript", "JSON with Comments", "Markdown", "JSON", "JavaScript", "YAML", "Docker", "comment", "blank", "total"
"c:\Users\majin\Desktop\Angular Practica\Clean-Architecture-Node-Express-Mongo\Dockerfile", "Docker", 0, 0, 0, 0, 0, 0, 7, 6, 5, 18
"c:\Users\majin\Desktop\Angular Practica\Clean-Architecture-Node-Express-Mongo\compass-connections.json", "JSON", 0, 0, 0, 27, 0, 0, 0, 0, 0, 27
"c:\Users\majin\Desktop\Angular Practica\Clean-Architecture-Node-Express-Mongo\docker-compose.yml", "YAML", 0, 0, 0, 0, 0, 12, 0, 30, 12, 54
"c:\Users\majin\Desktop\Angular Practica\Clean-Architecture-Node-Express-Mongo\init-replica.js", "JavaScript", 0, 0, 0, 0, 6, 0, 0, 0, 0, 6
"c:\Users\majin\Desktop\Angular Practica\Clean-Architecture-Node-Express-Mongo\package-lock.json", "JSON", 0, 0, 0, 3133, 0, 0, 0, 0, 1, 3134
"c:\Users\majin\Desktop\Angular Practica\Clean-Architecture-Node-Express-Mongo\package.json", "JSON", 0, 0, 0, 34, 0, 0, 0, 0, 1, 35
"c:\Users\majin\Desktop\Angular Practica\Clean-Architecture-Node-Express-Mongo\readme.md", "Markdown", 0, 0, 52, 0, 0, 0, 0, 0, 26, 78
"c:\Users\majin\Desktop\Angular Practica\Clean-Architecture-Node-Express-Mongo\src\app.ts", "TypeScript", 16, 0, 0, 0, 0, 0, 0, 3, 4, 23
"c:\Users\majin\Desktop\Angular Practica\Clean-Architecture-Node-Express-Mongo\src\configs\bcrypt.ts", "TypeScript", 9, 0, 0, 0, 0, 0, 0, 0, 4, 13
"c:\Users\majin\Desktop\Angular Practica\Clean-Architecture-Node-Express-Mongo\src\configs\envs.ts", "TypeScript", 11, 0, 0, 0, 0, 0, 0, 0, 8, 19
"c:\Users\majin\Desktop\Angular Practica\Clean-Architecture-Node-Express-Mongo\src\configs\jwt-personal.ts", "TypeScript", 26, 0, 0, 0, 0, 0, 0, 7, 8, 41
"c:\Users\majin\Desktop\Angular Practica\Clean-Architecture-Node-Express-Mongo\src\configs\jwt.ts", "TypeScript", 21, 0, 0, 0, 0, 0, 0, 4, 12, 37
"c:\Users\majin\Desktop\Angular Practica\Clean-Architecture-Node-Express-Mongo\src\configs\validator.ts", "TypeScript", 5, 0, 0, 0, 0, 0, 0, 1, 4, 10
"c:\Users\majin\Desktop\Angular Practica\Clean-Architecture-Node-Express-Mongo\src\data\mongodb\models\customers\city.model.ts", "TypeScript", 24, 0, 0, 0, 0, 0, 0, 0, 2, 26
"c:\Users\majin\Desktop\Angular Practica\Clean-Architecture-Node-Express-Mongo\src\data\mongodb\models\customers\customer.model.ts", "TypeScript", 41, 0, 0, 0, 0, 0, 0, 0, 2, 43
"c:\Users\majin\Desktop\Angular Practica\Clean-Architecture-Node-Express-Mongo\src\data\mongodb\models\customers\neighborhood.model.ts", "TypeScript", 29, 0, 0, 0, 0, 0, 0, 1, 3, 33
"c:\Users\majin\Desktop\Angular Practica\Clean-Architecture-Node-Express-Mongo\src\data\mongodb\models\payment\payment.model.ts", "TypeScript", 65, 0, 0, 0, 0, 0, 0, 6, 3, 74
"c:\Users\majin\Desktop\Angular Practica\Clean-Architecture-Node-Express-Mongo\src\data\mongodb\models\products\category.model.ts", "TypeScript", 20, 0, 0, 0, 0, 0, 0, 0, 6, 26
"c:\Users\majin\Desktop\Angular Practica\Clean-Architecture-Node-Express-Mongo\src\data\mongodb\models\products\product.model.ts", "TypeScript", 47, 0, 0, 0, 0, 0, 0, 0, 5, 52
"c:\Users\majin\Desktop\Angular Practica\Clean-Architecture-Node-Express-Mongo\src\data\mongodb\models\products\unit.model.ts", "TypeScript", 21, 0, 0, 0, 0, 0, 0, 0, 3, 24
"c:\Users\majin\Desktop\Angular Practica\Clean-Architecture-Node-Express-Mongo\src\data\mongodb\models\sales\sale.model.ts", "TypeScript", 82, 0, 0, 0, 0, 0, 0, 0, 3, 85
"c:\Users\majin\Desktop\Angular Practica\Clean-Architecture-Node-Express-Mongo\src\data\mongodb\models\user.model.ts", "TypeScript", 34, 0, 0, 0, 0, 0, 0, 3, 7, 44
"c:\Users\majin\Desktop\Angular Practica\Clean-Architecture-Node-Express-Mongo\src\data\mongodb\mongo-database.ts", "TypeScript", 20, 0, 0, 0, 0, 0, 0, 0, 9, 29
"c:\Users\majin\Desktop\Angular Practica\Clean-Architecture-Node-Express-Mongo\src\domain\datasources\auth.datasource.ts", "TypeScript", 7, 0, 0, 0, 0, 0, 0, 2, 4, 13
"c:\Users\majin\Desktop\Angular Practica\Clean-Architecture-Node-Express-Mongo\src\domain\datasources\customers\city.datasource.ts", "TypeScript", 13, 0, 0, 0, 0, 0, 0, 0, 1, 14
"c:\Users\majin\Desktop\Angular Practica\Clean-Architecture-Node-Express-Mongo\src\domain\datasources\customers\customer.datasource.ts", "TypeScript", 13, 0, 0, 0, 0, 0, 0, 0, 1, 14
"c:\Users\majin\Desktop\Angular Practica\Clean-Architecture-Node-Express-Mongo\src\domain\datasources\customers\neighborhood.datasource.ts", "TypeScript", 14, 0, 0, 0, 0, 0, 0, 0, 1, 15
"c:\Users\majin\Desktop\Angular Practica\Clean-Architecture-Node-Express-Mongo\src\domain\datasources\payment\payment.datasource.ts", "TypeScript", 21, 0, 0, 0, 0, 0, 0, 12, 12, 45
"c:\Users\majin\Desktop\Angular Practica\Clean-Architecture-Node-Express-Mongo\src\domain\datasources\products\category.datasource.ts", "TypeScript", 13, 0, 0, 0, 0, 0, 0, 0, 6, 19
"c:\Users\majin\Desktop\Angular Practica\Clean-Architecture-Node-Express-Mongo\src\domain\datasources\products\product.datasource.ts", "TypeScript", 15, 0, 0, 0, 0, 0, 0, 1, 8, 24
"c:\Users\majin\Desktop\Angular Practica\Clean-Architecture-Node-Express-Mongo\src\domain\datasources\products\unit.datasource.ts", "TypeScript", 13, 0, 0, 0, 0, 0, 0, 0, 4, 17
"c:\Users\majin\Desktop\Angular Practica\Clean-Architecture-Node-Express-Mongo\src\domain\datasources\sales\sale.datasource.ts", "TypeScript", 12, 0, 0, 0, 0, 0, 0, 0, 1, 13
"c:\Users\majin\Desktop\Angular Practica\Clean-Architecture-Node-Express-Mongo\src\domain\dtos\auth\login-user.dto.ts", "TypeScript", 14, 0, 0, 0, 0, 0, 0, 1, 10, 25
"c:\Users\majin\Desktop\Angular Practica\Clean-Architecture-Node-Express-Mongo\src\domain\dtos\auth\register-user.dto.ts", "TypeScript", 17, 0, 0, 0, 0, 0, 0, 12, 13, 42
"c:\Users\majin\Desktop\Angular Practica\Clean-Architecture-Node-Express-Mongo\src\domain\dtos\customers\create-city.dto.ts", "TypeScript", 24, 0, 0, 0, 0, 0, 0, 4, 5, 33
"c:\Users\majin\Desktop\Angular Practica\Clean-Architecture-Node-Express-Mongo\src\domain\dtos\customers\create-customer.dto.ts", "TypeScript", 42, 0, 0, 0, 0, 0, 0, 6, 9, 57
"c:\Users\majin\Desktop\Angular Practica\Clean-Architecture-Node-Express-Mongo\src\domain\dtos\customers\create-neighborhood.dto.ts", "TypeScript", 30, 0, 0, 0, 0, 0, 0, 5, 7, 42
"c:\Users\majin\Desktop\Angular Practica\Clean-Architecture-Node-Express-Mongo\src\domain\dtos\customers\update-city.dto.ts", "TypeScript", 37, 0, 0, 0, 0, 0, 0, 3, 6, 46
"c:\Users\majin\Desktop\Angular Practica\Clean-Architecture-Node-Express-Mongo\src\domain\dtos\customers\update-customer.dto.ts", "TypeScript", 65, 0, 0, 0, 0, 0, 0, 3, 10, 78
"c:\Users\majin\Desktop\Angular Practica\Clean-Architecture-Node-Express-Mongo\src\domain\dtos\customers\update-neighborhood.dto.ts", "TypeScript", 45, 0, 0, 0, 0, 0, 0, 3, 7, 55
"c:\Users\majin\Desktop\Angular Practica\Clean-Architecture-Node-Express-Mongo\src\domain\dtos\payment\create-payment.dto.ts", "TypeScript", 74, 0, 0, 0, 0, 0, 0, 4, 9, 87
"c:\Users\majin\Desktop\Angular Practica\Clean-Architecture-Node-Express-Mongo\src\domain\dtos\payment\process-webhook.dto.ts", "TypeScript", 24, 0, 0, 0, 0, 0, 0, 1, 3, 28
"c:\Users\majin\Desktop\Angular Practica\Clean-Architecture-Node-Express-Mongo\src\domain\dtos\payment\update-payment-status.dto.ts", "TypeScript", 27, 0, 0, 0, 0, 0, 0, 1, 4, 32
"c:\Users\majin\Desktop\Angular Practica\Clean-Architecture-Node-Express-Mongo\src\domain\dtos\payment\verify-payment.dto.ts", "TypeScript", 18, 0, 0, 0, 0, 0, 0, 1, 3, 22
"c:\Users\majin\Desktop\Angular Practica\Clean-Architecture-Node-Express-Mongo\src\domain\dtos\products\create-category.ts", "TypeScript", 14, 0, 0, 0, 0, 0, 0, 5, 10, 29
"c:\Users\majin\Desktop\Angular Practica\Clean-Architecture-Node-Express-Mongo\src\domain\dtos\products\create-product.dto.ts", "TypeScript", 24, 0, 0, 0, 0, 0, 0, 5, 13, 42
"c:\Users\majin\Desktop\Angular Practica\Clean-Architecture-Node-Express-Mongo\src\domain\dtos\products\create-unit.dto.ts", "TypeScript", 14, 0, 0, 0, 0, 0, 0, 5, 8, 27
"c:\Users\majin\Desktop\Angular Practica\Clean-Architecture-Node-Express-Mongo\src\domain\dtos\products\udpate-unit.dto.ts", "TypeScript", 34, 0, 0, 0, 0, 0, 0, 7, 10, 51
"c:\Users\majin\Desktop\Angular Practica\Clean-Architecture-Node-Express-Mongo\src\domain\dtos\products\update-category.dto.ts", "TypeScript", 28, 0, 0, 0, 0, 0, 0, 4, 9, 41
"c:\Users\majin\Desktop\Angular Practica\Clean-Architecture-Node-Express-Mongo\src\domain\dtos\products\update-product.dto.ts", "TypeScript", 33, 0, 0, 0, 0, 0, 0, 3, 10, 46
"c:\Users\majin\Desktop\Angular Practica\Clean-Architecture-Node-Express-Mongo\src\domain\dtos\sales\create-sale.dto.ts", "TypeScript", 53, 0, 0, 0, 0, 0, 0, 4, 9, 66
"c:\Users\majin\Desktop\Angular Practica\Clean-Architecture-Node-Express-Mongo\src\domain\dtos\sales\update-sale-status.dto.ts", "TypeScript", 20, 0, 0, 0, 0, 0, 0, 1, 3, 24
"c:\Users\majin\Desktop\Angular Practica\Clean-Architecture-Node-Express-Mongo\src\domain\dtos\shared\pagination.dto.ts", "TypeScript", 14, 0, 0, 0, 0, 0, 0, 5, 8, 27
"c:\Users\majin\Desktop\Angular Practica\Clean-Architecture-Node-Express-Mongo\src\domain\entities\customers\citiy.ts", "TypeScript", 8, 0, 0, 0, 0, 0, 0, 0, 2, 10
"c:\Users\majin\Desktop\Angular Practica\Clean-Architecture-Node-Express-Mongo\src\domain\entities\customers\customer.ts", "TypeScript", 12, 0, 0, 0, 0, 0, 0, 0, 2, 14
"c:\Users\majin\Desktop\Angular Practica\Clean-Architecture-Node-Express-Mongo\src\domain\entities\customers\neighborhood.ts", "TypeScript", 10, 0, 0, 0, 0, 0, 0, 0, 3, 13
"c:\Users\majin\Desktop\Angular Practica\Clean-Architecture-Node-Express-Mongo\src\domain\entities\payment\payment.entity.ts", "TypeScript", 34, 0, 0, 0, 0, 0, 0, 2, 4, 40
"c:\Users\majin\Desktop\Angular Practica\Clean-Architecture-Node-Express-Mongo\src\domain\entities\products\category.entity.ts", "TypeScript", 8, 0, 0, 0, 0, 0, 0, 0, 1, 9
"c:\Users\majin\Desktop\Angular Practica\Clean-Architecture-Node-Express-Mongo\src\domain\entities\products\product.entity.ts", "TypeScript", 15, 0, 0, 0, 0, 0, 0, 0, 2, 17
"c:\Users\majin\Desktop\Angular Practica\Clean-Architecture-Node-Express-Mongo\src\domain\entities\products\unit.entity.ts", "TypeScript", 8, 0, 0, 0, 0, 0, 0, 0, 2, 10
"c:\Users\majin\Desktop\Angular Practica\Clean-Architecture-Node-Express-Mongo\src\domain\entities\sales\sale.entity.ts", "TypeScript", 24, 0, 0, 0, 0, 0, 0, 1, 2, 27
"c:\Users\majin\Desktop\Angular Practica\Clean-Architecture-Node-Express-Mongo\src\domain\entities\user.entity.ts", "TypeScript", 10, 0, 0, 0, 0, 0, 0, 3, 4, 17
"c:\Users\majin\Desktop\Angular Practica\Clean-Architecture-Node-Express-Mongo\src\domain\errors\custom.error.ts", "TypeScript", 27, 0, 0, 0, 0, 0, 0, 0, 8, 35
"c:\Users\majin\Desktop\Angular Practica\Clean-Architecture-Node-Express-Mongo\src\domain\interfaces\payment\mercado-pago.interface.ts", "TypeScript", 143, 0, 0, 0, 0, 0, 0, 10, 9, 162
"c:\Users\majin\Desktop\Angular Practica\Clean-Architecture-Node-Express-Mongo\src\domain\repositories\auth.repository.ts", "TypeScript", 7, 0, 0, 0, 0, 0, 0, 2, 4, 13
"c:\Users\majin\Desktop\Angular Practica\Clean-Architecture-Node-Express-Mongo\src\domain\repositories\customers\city.repository.ts", "TypeScript", 13, 0, 0, 0, 0, 0, 0, 0, 1, 14
"c:\Users\majin\Desktop\Angular Practica\Clean-Architecture-Node-Express-Mongo\src\domain\repositories\customers\customer.repository.ts", "TypeScript", 13, 0, 0, 0, 0, 0, 0, 0, 1, 14
"c:\Users\majin\Desktop\Angular Practica\Clean-Architecture-Node-Express-Mongo\src\domain\repositories\customers\neighborhood.repository.ts", "TypeScript", 14, 0, 0, 0, 0, 0, 0, 0, 1, 15
"c:\Users\majin\Desktop\Angular Practica\Clean-Architecture-Node-Express-Mongo\src\domain\repositories\payment\payment.repository.ts", "TypeScript", 21, 0, 0, 0, 0, 0, 0, 13, 13, 47
"c:\Users\majin\Desktop\Angular Practica\Clean-Architecture-Node-Express-Mongo\src\domain\repositories\products\categroy.repository.ts", "TypeScript", 13, 0, 0, 0, 0, 0, 0, 0, 4, 17
"c:\Users\majin\Desktop\Angular Practica\Clean-Architecture-Node-Express-Mongo\src\domain\repositories\products\product.repository.ts", "TypeScript", 15, 0, 0, 0, 0, 0, 0, 1, 6, 22
"c:\Users\majin\Desktop\Angular Practica\Clean-Architecture-Node-Express-Mongo\src\domain\repositories\products\unit.repository.ts", "TypeScript", 13, 0, 0, 0, 0, 0, 0, 0, 2, 15
"c:\Users\majin\Desktop\Angular Practica\Clean-Architecture-Node-Express-Mongo\src\domain\repositories\sales\sale.repository.ts", "TypeScript", 12, 0, 0, 0, 0, 0, 0, 0, 1, 13
"c:\Users\majin\Desktop\Angular Practica\Clean-Architecture-Node-Express-Mongo\src\domain\use-cases\auth\login-user.use-case.ts", "TypeScript", 47, 0, 0, 0, 0, 0, 0, 10, 25, 82
"c:\Users\majin\Desktop\Angular Practica\Clean-Architecture-Node-Express-Mongo\src\domain\use-cases\auth\register-user.use-case.ts", "TypeScript", 46, 0, 0, 0, 0, 0, 0, 10, 23, 79
"c:\Users\majin\Desktop\Angular Practica\Clean-Architecture-Node-Express-Mongo\src\domain\use-cases\customers\create-city.use-case.ts", "TypeScript", 33, 0, 0, 0, 0, 0, 0, 4, 8, 45
"c:\Users\majin\Desktop\Angular Practica\Clean-Architecture-Node-Express-Mongo\src\domain\use-cases\customers\create-customer.use-case.ts", "TypeScript", 32, 0, 0, 0, 0, 0, 0, 4, 6, 42
"c:\Users\majin\Desktop\Angular Practica\Clean-Architecture-Node-Express-Mongo\src\domain\use-cases\customers\create-neighborhood.use-case.ts", "TypeScript", 39, 0, 0, 0, 0, 0, 0, 4, 8, 51
"c:\Users\majin\Desktop\Angular Practica\Clean-Architecture-Node-Express-Mongo\src\domain\use-cases\customers\delete-city.use-case.ts", "TypeScript", 26, 0, 0, 0, 0, 0, 0, 3, 6, 35
"c:\Users\majin\Desktop\Angular Practica\Clean-Architecture-Node-Express-Mongo\src\domain\use-cases\customers\delete-customer.use-case.ts", "TypeScript", 26, 0, 0, 0, 0, 0, 0, 3, 6, 35
"c:\Users\majin\Desktop\Angular Practica\Clean-Architecture-Node-Express-Mongo\src\domain\use-cases\customers\delete-neighborhood.use-case.ts", "TypeScript", 26, 0, 0, 0, 0, 0, 0, 3, 6, 35
"c:\Users\majin\Desktop\Angular Practica\Clean-Architecture-Node-Express-Mongo\src\domain\use-cases\customers\find-city-by-name.use-case.ts", "TypeScript", 28, 0, 0, 0, 0, 0, 0, 3, 6, 37
"c:\Users\majin\Desktop\Angular Practica\Clean-Architecture-Node-Express-Mongo\src\domain\use-cases\customers\find-customers-by-neighborhood.use-case.ts", "TypeScript", 31, 0, 0, 0, 0, 0, 0, 3, 6, 40
"c:\Users\majin\Desktop\Angular Practica\Clean-Architecture-Node-Express-Mongo\src\domain\use-cases\customers\find-neighborhoods-by-city.use-case.ts", "TypeScript", 31, 0, 0, 0, 0, 0, 0, 3, 6, 40
"c:\Users\majin\Desktop\Angular Practica\Clean-Architecture-Node-Express-Mongo\src\domain\use-cases\customers\get-all-cities.use-case.ts", "TypeScript", 28, 0, 0, 0, 0, 0, 0, 3, 5, 36
"c:\Users\majin\Desktop\Angular Practica\Clean-Architecture-Node-Express-Mongo\src\domain\use-cases\customers\get-all-customers.use-case.ts", "TypeScript", 28, 0, 0, 0, 0, 0, 0, 3, 5, 36
"c:\Users\majin\Desktop\Angular Practica\Clean-Architecture-Node-Express-Mongo\src\domain\use-cases\customers\get-all-neighborhoods.use-case.ts", "TypeScript", 28, 0, 0, 0, 0, 0, 0, 3, 5, 36
"c:\Users\majin\Desktop\Angular Practica\Clean-Architecture-Node-Express-Mongo\src\domain\use-cases\customers\get-city-by-id..use-case.ts", "TypeScript", 25, 0, 0, 0, 0, 0, 0, 2, 5, 32
"c:\Users\majin\Desktop\Angular Practica\Clean-Architecture-Node-Express-Mongo\src\domain\use-cases\customers\get-customer-by-email.use-case.ts", "TypeScript", 26, 0, 0, 0, 0, 0, 0, 3, 5, 34
"c:\Users\majin\Desktop\Angular Practica\Clean-Architecture-Node-Express-Mongo\src\domain\use-cases\customers\get-customer-by-id.use-case.ts", "TypeScript", 25, 0, 0, 0, 0, 0, 0, 2, 5, 32
"c:\Users\majin\Desktop\Angular Practica\Clean-Architecture-Node-Express-Mongo\src\domain\use-cases\customers\get-neighborhood-by-id.use-case.ts", "TypeScript", 25, 0, 0, 0, 0, 0, 0, 2, 5, 32
"c:\Users\majin\Desktop\Angular Practica\Clean-Architecture-Node-Express-Mongo\src\domain\use-cases\customers\update-city.use-case.ts", "TypeScript", 27, 0, 0, 0, 0, 0, 0, 2, 4, 33
"c:\Users\majin\Desktop\Angular Practica\Clean-Architecture-Node-Express-Mongo\src\domain\use-cases\customers\update-customer.use-case.ts", "TypeScript", 38, 0, 0, 0, 0, 0, 0, 4, 6, 48
"c:\Users\majin\Desktop\Angular Practica\Clean-Architecture-Node-Express-Mongo\src\domain\use-cases\customers\update-neighborhood.use-case.ts", "TypeScript", 32, 0, 0, 0, 0, 0, 0, 3, 5, 40
"c:\Users\majin\Desktop\Angular Practica\Clean-Architecture-Node-Express-Mongo\src\domain\use-cases\payment\create-payment.use-case.ts", "TypeScript", 68, 0, 0, 0, 0, 0, 0, 8, 11, 87
"c:\Users\majin\Desktop\Angular Practica\Clean-Architecture-Node-Express-Mongo\src\domain\use-cases\payment\get-all-payments.use-case.ts", "TypeScript", 21, 0, 0, 0, 0, 0, 0, 0, 3, 24
"c:\Users\majin\Desktop\Angular Practica\Clean-Architecture-Node-Express-Mongo\src\domain\use-cases\payment\get-payment-by-sale.use-case.ts", "TypeScript", 29, 0, 0, 0, 0, 0, 0, 2, 5, 36
"c:\Users\majin\Desktop\Angular Practica\Clean-Architecture-Node-Express-Mongo\src\domain\use-cases\payment\get-payment.use-case.ts", "TypeScript", 20, 0, 0, 0, 0, 0, 0, 0, 3, 23
"c:\Users\majin\Desktop\Angular Practica\Clean-Architecture-Node-Express-Mongo\src\domain\use-cases\payment\process-webhook.use-case.ts", "TypeScript", 32, 0, 0, 0, 0, 0, 0, 2, 5, 39
"c:\Users\majin\Desktop\Angular Practica\Clean-Architecture-Node-Express-Mongo\src\domain\use-cases\payment\verify-payment.use-case.ts", "TypeScript", 62, 0, 0, 0, 0, 0, 0, 6, 10, 78
"c:\Users\majin\Desktop\Angular Practica\Clean-Architecture-Node-Express-Mongo\src\domain\use-cases\product\create-category.use-case.ts", "TypeScript", 33, 0, 0, 0, 0, 0, 0, 4, 15, 52
"c:\Users\majin\Desktop\Angular Practica\Clean-Architecture-Node-Express-Mongo\src\domain\use-cases\product\create-product.use-case.ts", "TypeScript", 29, 0, 0, 0, 0, 0, 0, 6, 17, 52
"c:\Users\majin\Desktop\Angular Practica\Clean-Architecture-Node-Express-Mongo\src\domain\use-cases\product\create-unit.use-case.ts", "TypeScript", 31, 0, 0, 0, 0, 0, 0, 5, 13, 49
"c:\Users\majin\Desktop\Angular Practica\Clean-Architecture-Node-Express-Mongo\src\domain\use-cases\product\delete-category.use-case.ts", "TypeScript", 26, 0, 0, 0, 0, 0, 0, 3, 9, 38
"c:\Users\majin\Desktop\Angular Practica\Clean-Architecture-Node-Express-Mongo\src\domain\use-cases\product\delete-product.use-case.ts", "TypeScript", 24, 0, 0, 0, 0, 0, 0, 4, 10, 38
"c:\Users\majin\Desktop\Angular Practica\Clean-Architecture-Node-Express-Mongo\src\domain\use-cases\product\delete-unit.use-case.ts", "TypeScript", 26, 0, 0, 0, 0, 0, 0, 4, 10, 40
"c:\Users\majin\Desktop\Angular Practica\Clean-Architecture-Node-Express-Mongo\src\domain\use-cases\product\get-all-category.use-case.ts", "TypeScript", 28, 0, 0, 0, 0, 0, 0, 3, 9, 40
"c:\Users\majin\Desktop\Angular Practica\Clean-Architecture-Node-Express-Mongo\src\domain\use-cases\product\get-all-products.use-case.ts", "TypeScript", 28, 0, 0, 0, 0, 0, 0, 3, 13, 44
"c:\Users\majin\Desktop\Angular Practica\Clean-Architecture-Node-Express-Mongo\src\domain\use-cases\product\get-all-unit.use-case.ts", "TypeScript", 28, 0, 0, 0, 0, 0, 0, 3, 9, 40
"c:\Users\majin\Desktop\Angular Practica\Clean-Architecture-Node-Express-Mongo\src\domain\use-cases\product\get-category-by-id.use-case.ts", "TypeScript", 25, 0, 0, 0, 0, 0, 0, 2, 5, 32
"c:\Users\majin\Desktop\Angular Practica\Clean-Architecture-Node-Express-Mongo\src\domain\use-cases\product\get-product-by-category.use-case.ts", "TypeScript", 32, 0, 0, 0, 0, 0, 0, 4, 14, 50
"c:\Users\majin\Desktop\Angular Practica\Clean-Architecture-Node-Express-Mongo\src\domain\use-cases\product\get-unit-by-id.use-case.ts", "TypeScript", 26, 0, 0, 0, 0, 0, 0, 2, 5, 33
"c:\Users\majin\Desktop\Angular Practica\Clean-Architecture-Node-Express-Mongo\src\domain\use-cases\product\update-category.use-case.ts", "TypeScript", 27, 0, 0, 0, 0, 0, 0, 2, 7, 36
"c:\Users\majin\Desktop\Angular Practica\Clean-Architecture-Node-Express-Mongo\src\domain\use-cases\product\update-product.use-case.ts", "TypeScript", 27, 0, 0, 0, 0, 0, 0, 2, 7, 36
"c:\Users\majin\Desktop\Angular Practica\Clean-Architecture-Node-Express-Mongo\src\domain\use-cases\product\update-unit.use-case.ts", "TypeScript", 27, 0, 0, 0, 0, 0, 0, 2, 6, 35
"c:\Users\majin\Desktop\Angular Practica\Clean-Architecture-Node-Express-Mongo\src\domain\use-cases\sales\create-sale.use-case.ts", "TypeScript", 39, 0, 0, 0, 0, 0, 0, 3, 6, 48
"c:\Users\majin\Desktop\Angular Practica\Clean-Architecture-Node-Express-Mongo\src\domain\use-cases\sales\find-sales-by-customer.use-case.ts", "TypeScript", 31, 0, 0, 0, 0, 0, 0, 3, 6, 40
"c:\Users\majin\Desktop\Angular Practica\Clean-Architecture-Node-Express-Mongo\src\domain\use-cases\sales\find-sales-by-date-range.use-case.ts", "TypeScript", 31, 0, 0, 0, 0, 0, 0, 3, 6, 40
"c:\Users\majin\Desktop\Angular Practica\Clean-Architecture-Node-Express-Mongo\src\domain\use-cases\sales\get-all-sales.use-case.ts", "TypeScript", 28, 0, 0, 0, 0, 0, 0, 3, 5, 36
"c:\Users\majin\Desktop\Angular Practica\Clean-Architecture-Node-Express-Mongo\src\domain\use-cases\sales\get-sale-by-id.use-case.ts", "TypeScript", 25, 0, 0, 0, 0, 0, 0, 2, 5, 32
"c:\Users\majin\Desktop\Angular Practica\Clean-Architecture-Node-Express-Mongo\src\domain\use-cases\sales\update-sale-status.use-case.ts", "TypeScript", 30, 0, 0, 0, 0, 0, 0, 3, 6, 39
"c:\Users\majin\Desktop\Angular Practica\Clean-Architecture-Node-Express-Mongo\src\domain\use-cases\user\delete-user.use-case.ts", "TypeScript", 0, 0, 0, 0, 0, 0, 0, 0, 1, 1
"c:\Users\majin\Desktop\Angular Practica\Clean-Architecture-Node-Express-Mongo\src\domain\use-cases\user\update-user.use-case.ts", "TypeScript", 0, 0, 0, 0, 0, 0, 0, 0, 1, 1
"c:\Users\majin\Desktop\Angular Practica\Clean-Architecture-Node-Express-Mongo\src\infrastructure\adapters\mercado-pago.adapter.ts", "TypeScript", 73, 0, 0, 0, 0, 0, 0, 5, 13, 91
"c:\Users\majin\Desktop\Angular Practica\Clean-Architecture-Node-Express-Mongo\src\infrastructure\datasources\auth.mongo.datasource.impl.ts", "TypeScript", 54, 0, 0, 0, 0, 0, 0, 16, 36, 106
"c:\Users\majin\Desktop\Angular Practica\Clean-Architecture-Node-Express-Mongo\src\infrastructure\datasources\customers\city.mongo.datasource.impl.ts", "TypeScript", 97, 0, 0, 0, 0, 0, 0, 5, 17, 119
"c:\Users\majin\Desktop\Angular Practica\Clean-Architecture-Node-Express-Mongo\src\infrastructure\datasources\customers\customer.mongo.datasource.impl.ts", "TypeScript", 154, 0, 0, 0, 0, 0, 0, 6, 25, 185
"c:\Users\majin\Desktop\Angular Practica\Clean-Architecture-Node-Express-Mongo\src\infrastructure\datasources\customers\neighborhood.mongo.datasource.impl.ts", "TypeScript", 126, 0, 0, 0, 0, 0, 0, 7, 26, 159
"c:\Users\majin\Desktop\Angular Practica\Clean-Architecture-Node-Express-Mongo\src\infrastructure\datasources\payment\payment.mongo.datasource.impl.ts", "TypeScript", 494, 0, 0, 0, 0, 0, 0, 12, 56, 562
"c:\Users\majin\Desktop\Angular Practica\Clean-Architecture-Node-Express-Mongo\src\infrastructure\datasources\products\category.mongo.datasource.impl.ts", "TypeScript", 88, 0, 0, 0, 0, 0, 0, 22, 54, 164
"c:\Users\majin\Desktop\Angular Practica\Clean-Architecture-Node-Express-Mongo\src\infrastructure\datasources\products\product.mongo.datasource.impl.ts", "TypeScript", 126, 0, 0, 0, 0, 0, 0, 34, 74, 234
"c:\Users\majin\Desktop\Angular Practica\Clean-Architecture-Node-Express-Mongo\src\infrastructure\datasources\products\unit.mongo.datasource.impl.ts", "TypeScript", 95, 0, 0, 0, 0, 0, 0, 24, 52, 171
"c:\Users\majin\Desktop\Angular Practica\Clean-Architecture-Node-Express-Mongo\src\infrastructure\datasources\sales\sale.mongo.datasource.impl.ts", "TypeScript", 298, 0, 0, 0, 0, 0, 0, 30, 58, 386
"c:\Users\majin\Desktop\Angular Practica\Clean-Architecture-Node-Express-Mongo\src\infrastructure\mappers\customers\city.mapper.ts", "TypeScript", 25, 0, 0, 0, 0, 0, 0, 3, 6, 34
"c:\Users\majin\Desktop\Angular Practica\Clean-Architecture-Node-Express-Mongo\src\infrastructure\mappers\customers\customer.mapper.ts", "TypeScript", 45, 0, 0, 0, 0, 0, 0, 5, 9, 59
"c:\Users\majin\Desktop\Angular Practica\Clean-Architecture-Node-Express-Mongo\src\infrastructure\mappers\customers\neighborhood.mapper.ts", "TypeScript", 32, 0, 0, 0, 0, 0, 0, 4, 7, 43
"c:\Users\majin\Desktop\Angular Practica\Clean-Architecture-Node-Express-Mongo\src\infrastructure\mappers\payment\payment.mapper.ts", "TypeScript", 114, 0, 0, 0, 0, 0, 0, 6, 8, 128
"c:\Users\majin\Desktop\Angular Practica\Clean-Architecture-Node-Express-Mongo\src\infrastructure\mappers\products\category.mapper.ts", "TypeScript", 17, 0, 0, 0, 0, 0, 0, 4, 7, 28
"c:\Users\majin\Desktop\Angular Practica\Clean-Architecture-Node-Express-Mongo\src\infrastructure\mappers\products\product.mapper.ts", "TypeScript", 27, 0, 0, 0, 0, 0, 0, 4, 6, 37
"c:\Users\majin\Desktop\Angular Practica\Clean-Architecture-Node-Express-Mongo\src\infrastructure\mappers\products\unit.mapper.ts", "TypeScript", 17, 0, 0, 0, 0, 0, 0, 1, 7, 25
"c:\Users\majin\Desktop\Angular Practica\Clean-Architecture-Node-Express-Mongo\src\infrastructure\mappers\sales\sale.mapper.ts", "TypeScript", 173, 0, 0, 0, 0, 0, 0, 15, 16, 204
"c:\Users\majin\Desktop\Angular Practica\Clean-Architecture-Node-Express-Mongo\src\infrastructure\mappers\user.mapper.ts", "TypeScript", 19, 0, 0, 0, 0, 0, 0, 3, 7, 29
"c:\Users\majin\Desktop\Angular Practica\Clean-Architecture-Node-Express-Mongo\src\infrastructure\repositories\auth.repository.impl.ts", "TypeScript", 16, 0, 0, 0, 0, 0, 0, 0, 7, 23
"c:\Users\majin\Desktop\Angular Practica\Clean-Architecture-Node-Express-Mongo\src\infrastructure\repositories\customers\city.repository.impl.ts", "TypeScript", 30, 0, 0, 0, 0, 0, 0, 1, 9, 40
"c:\Users\majin\Desktop\Angular Practica\Clean-Architecture-Node-Express-Mongo\src\infrastructure\repositories\customers\customer.repository.impl.ts", "TypeScript", 30, 0, 0, 0, 0, 0, 0, 1, 9, 40
"c:\Users\majin\Desktop\Angular Practica\Clean-Architecture-Node-Express-Mongo\src\infrastructure\repositories\customers\neighborhood.repository.impl.ts", "TypeScript", 33, 0, 0, 0, 0, 0, 0, 1, 10, 44
"c:\Users\majin\Desktop\Angular Practica\Clean-Architecture-Node-Express-Mongo\src\infrastructure\repositories\payment\payment.repository.impl.ts", "TypeScript", 48, 0, 0, 0, 0, 0, 0, 1, 14, 63
"c:\Users\majin\Desktop\Angular Practica\Clean-Architecture-Node-Express-Mongo\src\infrastructure\repositories\products\category.respository.impl.ts", "TypeScript", 32, 0, 0, 0, 0, 0, 0, 0, 13, 45
"c:\Users\majin\Desktop\Angular Practica\Clean-Architecture-Node-Express-Mongo\src\infrastructure\repositories\products\product.repository.impl.ts", "TypeScript", 36, 0, 0, 0, 0, 0, 0, 0, 11, 47
"c:\Users\majin\Desktop\Angular Practica\Clean-Architecture-Node-Express-Mongo\src\infrastructure\repositories\products\unit.repository.impl.ts", "TypeScript", 30, 0, 0, 0, 0, 0, 0, 0, 9, 39
"c:\Users\majin\Desktop\Angular Practica\Clean-Architecture-Node-Express-Mongo\src\infrastructure\repositories\sales\sale.repository.impl.ts", "TypeScript", 27, 0, 0, 0, 0, 0, 0, 1, 8, 36
"c:\Users\majin\Desktop\Angular Practica\Clean-Architecture-Node-Express-Mongo\src\presentation\auth\controller.auth.ts", "TypeScript", 77, 0, 0, 0, 0, 0, 0, 20, 28, 125
"c:\Users\majin\Desktop\Angular Practica\Clean-Architecture-Node-Express-Mongo\src\presentation\auth\routes.auth.ts", "TypeScript", 21, 0, 0, 0, 0, 0, 0, 0, 10, 31
"c:\Users\majin\Desktop\Angular Practica\Clean-Architecture-Node-Express-Mongo\src\presentation\customers\controller.city.ts", "TypeScript", 88, 0, 0, 0, 0, 0, 0, 0, 23, 111
"c:\Users\majin\Desktop\Angular Practica\Clean-Architecture-Node-Express-Mongo\src\presentation\customers\controller.customer.ts", "TypeScript", 114, 0, 0, 0, 0, 0, 0, 0, 25, 139
"c:\Users\majin\Desktop\Angular Practica\Clean-Architecture-Node-Express-Mongo\src\presentation\customers\controller.neighborhood.ts", "TypeScript", 101, 0, 0, 0, 0, 0, 0, 0, 23, 124
"c:\Users\majin\Desktop\Angular Practica\Clean-Architecture-Node-Express-Mongo\src\presentation\customers\routes.city.ts", "TypeScript", 19, 0, 0, 0, 0, 0, 0, 3, 5, 27
"c:\Users\majin\Desktop\Angular Practica\Clean-Architecture-Node-Express-Mongo\src\presentation\customers\routes.customer.ts", "TypeScript", 24, 0, 0, 0, 0, 0, 0, 3, 5, 32
"c:\Users\majin\Desktop\Angular Practica\Clean-Architecture-Node-Express-Mongo\src\presentation\customers\routes.neighborhood.ts", "TypeScript", 23, 0, 0, 0, 0, 0, 0, 3, 5, 31
"c:\Users\majin\Desktop\Angular Practica\Clean-Architecture-Node-Express-Mongo\src\presentation\middlewares\auth.middleware.ts", "TypeScript", 35, 0, 0, 0, 0, 0, 0, 1, 21, 57
"c:\Users\majin\Desktop\Angular Practica\Clean-Architecture-Node-Express-Mongo\src\presentation\middlewares\rate-limit.middleware.ts", "TypeScript", 72, 0, 0, 0, 0, 0, 0, 4, 9, 85
"c:\Users\majin\Desktop\Angular Practica\Clean-Architecture-Node-Express-Mongo\src\presentation\payment\controller.payment.ts", "TypeScript", 266, 0, 0, 0, 0, 0, 0, 19, 56, 341
"c:\Users\majin\Desktop\Angular Practica\Clean-Architecture-Node-Express-Mongo\src\presentation\payment\routes.payment.ts", "TypeScript", 35, 0, 0, 0, 0, 0, 0, 6, 8, 49
"c:\Users\majin\Desktop\Angular Practica\Clean-Architecture-Node-Express-Mongo\src\presentation\products\controller.category.ts", "TypeScript", 75, 0, 0, 0, 0, 0, 0, 14, 33, 122
"c:\Users\majin\Desktop\Angular Practica\Clean-Architecture-Node-Express-Mongo\src\presentation\products\controller.product.ts", "TypeScript", 85, 0, 0, 0, 0, 0, 0, 17, 31, 133
"c:\Users\majin\Desktop\Angular Practica\Clean-Architecture-Node-Express-Mongo\src\presentation\products\controller.unit.ts", "TypeScript", 73, 0, 0, 0, 0, 0, 0, 11, 28, 112
"c:\Users\majin\Desktop\Angular Practica\Clean-Architecture-Node-Express-Mongo\src\presentation\products\routes.category..ts", "TypeScript", 18, 0, 0, 0, 0, 0, 0, 2, 5, 25
"c:\Users\majin\Desktop\Angular Practica\Clean-Architecture-Node-Express-Mongo\src\presentation\products\routes.product.ts", "TypeScript", 23, 0, 0, 0, 0, 0, 0, 3, 9, 35
"c:\Users\majin\Desktop\Angular Practica\Clean-Architecture-Node-Express-Mongo\src\presentation\products\routes.unit.ts", "TypeScript", 18, 0, 0, 0, 0, 0, 0, 2, 4, 24
"c:\Users\majin\Desktop\Angular Practica\Clean-Architecture-Node-Express-Mongo\src\presentation\routes.ts", "TypeScript", 25, 0, 0, 0, 0, 0, 0, 9, 15, 49
"c:\Users\majin\Desktop\Angular Practica\Clean-Architecture-Node-Express-Mongo\src\presentation\sales\controller.sale.ts", "TypeScript", 125, 0, 0, 0, 0, 0, 0, 4, 30, 159
"c:\Users\majin\Desktop\Angular Practica\Clean-Architecture-Node-Express-Mongo\src\presentation\sales\routes.sale.ts", "TypeScript", 28, 0, 0, 0, 0, 0, 0, 6, 8, 42
"c:\Users\majin\Desktop\Angular Practica\Clean-Architecture-Node-Express-Mongo\src\presentation\server.ts", "TypeScript", 26, 0, 0, 0, 0, 0, 0, 7, 16, 49
"c:\Users\majin\Desktop\Angular Practica\Clean-Architecture-Node-Express-Mongo\src\presentation\user\controller.user.ts", "TypeScript", 0, 0, 0, 0, 0, 0, 0, 0, 1, 1
"c:\Users\majin\Desktop\Angular Practica\Clean-Architecture-Node-Express-Mongo\src\presentation\user\routes.user.ts", "TypeScript", 0, 0, 0, 0, 0, 0, 0, 0, 1, 1
"c:\Users\majin\Desktop\Angular Practica\Clean-Architecture-Node-Express-Mongo\tsconfig.json", "JSON with Comments", 0, 12, 0, 0, 0, 0, 0, 91, 9, 112
"Total", "-", 6870, 12, 52, 3194, 6, 12, 7, 788, 1764, 12705